[
  {
    "Name": "Golden State Warriors",
    "Num_Players": 15,
    "Active Pay": "175192205",
    "Luxury Tax Pay": "175858872",
    "Luxury Tax Difference": "-39252872"
  },
  {
    "Name": "Brooklyn Nets",
    "Num_Players": 15,
    "Active Pay": "167465516",
    "Luxury Tax Pay": "171915539",
    "Luxury Tax Difference": "-35309539"
  },
  {
    "Name": "Los Angeles Clippers",
    "Num_Players": 15,
    "Active Pay": "168479300",
    "Luxury Tax Pay": "168479300",
    "Luxury Tax Difference": "-31873300"
  },
  {
    "Name": "Los Angeles Lakers",
    "Num_Players": 15,
    "Active Pay": "151944830",
    "Luxury Tax Pay": "156944830",
    "Luxury Tax Difference": "-20338830"
  },
  {
    "Name": "Milwaukee Bucks",
    "Num_Players": 14,
    "Active Pay": "150500829",
    "Luxury Tax Pay": "155535722",
    "Luxury Tax Difference": "-18929722"
  },
  {
    "Name": "Utah Jazz",
    "Num_Players": 14,
    "Active Pay": "153048231",
    "Luxury Tax Pay": "153048231",
    "Luxury Tax Difference": "-16442231"
  },
  {
    "Name": "Philadelphia 76ers",
    "Num_Players": 15,
    "Active Pay": "141660440",
    "Luxury Tax Pay": "142935931",
    "Luxury Tax Difference": "-6329931"
  },
  {
    "Name": "Boston Celtics",
    "Num_Players": 15,
    "Active Pay": "141693234",
    "Luxury Tax Pay": "142925171",
    "Luxury Tax Difference": "-6319171"
  },
  {
    "Name": "Portland Trail Blazers",
    "Num_Players": 14,
    "Active Pay": "136767729",
    "Luxury Tax Pay": "139612158",
    "Luxury Tax Difference": "-3006158"
  },
  {
    "Name": "Toronto Raptors",
    "Num_Players": 15,
    "Active Pay": "137356758",
    "Luxury Tax Pay": "137656758",
    "Luxury Tax Difference": "-1050758"
  },
  {
    "Name": "Miami Heat",
    "Num_Players": 14,
    "Active Pay": "130954862",
    "Luxury Tax Pay": "136169446",
    "Luxury Tax Difference": "436554"
  },
  {
    "Name": "Minnesota Timberwolves",
    "Num_Players": 14,
    "Active Pay": "135733080",
    "Luxury Tax Pay": "135733080",
    "Luxury Tax Difference": "872920"
  },
  {
    "Name": "Denver Nuggets",
    "Num_Players": 15,
    "Active Pay": "135208538",
    "Luxury Tax Pay": "135208538",
    "Luxury Tax Difference": "1397462"
  },
  {
    "Name": "Washington Wizards",
    "Num_Players": 15,
    "Active Pay": "134920069",
    "Luxury Tax Pay": "134920069",
    "Luxury Tax Difference": "1685931"
  },
  {
    "Name": "Atlanta Hawks",
    "Num_Players": 15,
    "Active Pay": "134732348",
    "Luxury Tax Pay": "134732348",
    "Luxury Tax Difference": "1873652"
  },
  {
    "Name": "Indiana Pacers",
    "Num_Players": 14,
    "Active Pay": "131276695",
    "Luxury Tax Pay": "133522095",
    "Luxury Tax Difference": "3083905"
  },
  {
    "Name": "Cleveland Cavaliers",
    "Num_Players": 15,
    "Active Pay": "131886438",
    "Luxury Tax Pay": "133343104",
    "Luxury Tax Difference": "3262896"
  },
  {
    "Name": "Chicago Bulls",
    "Num_Players": 14,
    "Active Pay": "131894042",
    "Luxury Tax Pay": "131894042",
    "Luxury Tax Difference": "4711958"
  },
  {
    "Name": "Sacramento Kings",
    "Num_Players": 15,
    "Active Pay": "131084683",
    "Luxury Tax Pay": "131084683",
    "Luxury Tax Difference": "5521317"
  },
  {
    "Name": "Phoenix Suns",
    "Num_Players": 14,
    "Active Pay": "128373873",
    "Luxury Tax Pay": "128373873",
    "Luxury Tax Difference": "8232127"
  },
  {
    "Name": "Houston Rockets",
    "Num_Players": 15,
    "Active Pay": "123298964",
    "Luxury Tax Pay": "127054571",
    "Luxury Tax Difference": "9551429"
  },
  {
    "Name": "Detroit Pistons",
    "Num_Players": 15,
    "Active Pay": "80421853",
    "Luxury Tax Pay": "125914360",
    "Luxury Tax Difference": "10691640"
  },
  {
    "Name": "Dallas Mavericks",
    "Num_Players": 14,
    "Active Pay": "116934102",
    "Luxury Tax Pay": "118452083",
    "Luxury Tax Difference": "18153917"
  },
  {
    "Name": "San Antonio Spurs",
    "Num_Players": 15,
    "Active Pay": "99508279",
    "Luxury Tax Pay": "117912958",
    "Luxury Tax Difference": "18693042"
  },
  {
    "Name": "New York Knicks",
    "Num_Players": 14,
    "Active Pay": "111024770",
    "Luxury Tax Pay": "117456436",
    "Luxury Tax Difference": "19149564"
  },
  {
    "Name": "Charlotte Hornets",
    "Num_Players": 15,
    "Active Pay": "106223133",
    "Luxury Tax Pay": "116904105",
    "Luxury Tax Difference": "19701895"
  },
  {
    "Name": "New Orleans Pelicans",
    "Num_Players": 15,
    "Active Pay": "114929039",
    "Luxury Tax Pay": "114929039",
    "Luxury Tax Difference": "21676961"
  },
  {
    "Name": "Memphis Grizzlies",
    "Num_Players": 15,
    "Active Pay": "97935345",
    "Luxury Tax Pay": "114092597",
    "Luxury Tax Difference": "22513403"
  },
  {
    "Name": "Orlando Magic",
    "Num_Players": 15,
    "Active Pay": "113699708",
    "Luxury Tax Pay": "113699708",
    "Luxury Tax Difference": "22906292"
  },
  {
    "Name": "Oklahoma City Thunder",
    "Num_Players": 15,
    "Active Pay": "49812064",
    "Luxury Tax Pay": "78186752",
    "Luxury Tax Difference": "58419248"
  }
]