[
  {
    "Team Name": "Philadelphia 76ers",
    "Wins": 49,
    "Losses": 23,
    "Percent": 0.681,
    "Games Behind": 0,
    "PPG": 113.6,
    "PAPG": 108.1,
    "Diff": 5.28
  },
  {
    "Team Name": "Brooklyn Nets",
    "Wins": 48,
    "Losses": 24,
    "Percent": 0.667,
    "Games Behind": 1,
    "PPG": 118.6,
    "PAPG": 114.1,
    "Diff": 4.24
  },
  {
    "Team Name": "Milwaukee Bucks",
    "Wins": 46,
    "Losses": 26,
    "Percent": 0.639,
    "Games Behind": 3,
    "PPG": 120.1,
    "PAPG": 114.2,
    "Diff": 5.57
  },
  {
    "Team Name": "New York Knicks",
    "Wins": 41,
    "Losses": 31,
    "Percent": 0.569,
    "Games Behind": 8,
    "PPG": 107,
    "PAPG": 104.7,
    "Diff": 2.13
  },
  {
    "Team Name": "Atlanta Hawks",
    "Wins": 41,
    "Losses": 31,
    "Percent": 0.569,
    "Games Behind": 8,
    "PPG": 113.7,
    "PAPG": 111.4,
    "Diff": 2.14
  },
  {
    "Team Name": "Miami Heat",
    "Wins": 40,
    "Losses": 32,
    "Percent": 0.556,
    "Games Behind": 9,
    "PPG": 108.1,
    "PAPG": 108,
    "Diff": -0.06
  },
  {
    "Team Name": "Boston Celtics",
    "Wins": 36,
    "Losses": 36,
    "Percent": 0.5,
    "Games Behind": 13,
    "PPG": 112.6,
    "PAPG": 111.2,
    "Diff": 1.32
  },
  {
    "Team Name": "Washington Wizards",
    "Wins": 34,
    "Losses": 38,
    "Percent": 0.472,
    "Games Behind": 15,
    "PPG": 116.6,
    "PAPG": 118.5,
    "Diff": -1.85
  },
  {
    "Team Name": "Indiana Pacers",
    "Wins": 34,
    "Losses": 38,
    "Percent": 0.472,
    "Games Behind": 15,
    "PPG": 115.3,
    "PAPG": 115.3,
    "Diff": -0.13
  },
  {
    "Team Name": "Charlotte Hornets",
    "Wins": 33,
    "Losses": 39,
    "Percent": 0.458,
    "Games Behind": 16,
    "PPG": 109.5,
    "PAPG": 111.4,
    "Diff": -1.94
  },
  {
    "Team Name": "Chicago Bulls",
    "Wins": 31,
    "Losses": 41,
    "Percent": 0.431,
    "Games Behind": 18,
    "PPG": 110.7,
    "PAPG": 111.6,
    "Diff": -0.94
  },
  {
    "Team Name": "Toronto Raptors",
    "Wins": 27,
    "Losses": 45,
    "Percent": 0.375,
    "Games Behind": 22,
    "PPG": 111.3,
    "PAPG": 111.7,
    "Diff": -0.54
  },
  {
    "Team Name": "Cleveland Cavaliers",
    "Wins": 22,
    "Losses": 50,
    "Percent": 0.306,
    "Games Behind": 27,
    "PPG": 103.8,
    "PAPG": 112.3,
    "Diff": -8.19
  },
  {
    "Team Name": "Orlando Magic",
    "Wins": 21,
    "Losses": 51,
    "Percent": 0.292,
    "Games Behind": 28,
    "PPG": 104,
    "PAPG": 113.3,
    "Diff": -9.02
  },
  {
    "Team Name": "Detroit Pistons",
    "Wins": 20,
    "Losses": 52,
    "Percent": 0.278,
    "Games Behind": 29,
    "PPG": 106.6,
    "PAPG": 111.1,
    "Diff": -4.38
  },
  {
    "Team Name": "Utah Jazz",
    "Wins": 52,
    "Losses": 20,
    "Percent": 0.722,
    "Games Behind": 0,
    "PPG": 116.4,
    "PAPG": 107.2,
    "Diff": 8.97
  },
  {
    "Team Name": "Phoenix Suns",
    "Wins": 51,
    "Losses": 21,
    "Percent": 0.708,
    "Games Behind": 1,
    "PPG": 115.3,
    "PAPG": 109.5,
    "Diff": 5.67
  },
  {
    "Team Name": "Denver Nuggets",
    "Wins": 47,
    "Losses": 25,
    "Percent": 0.653,
    "Games Behind": 5,
    "PPG": 115.1,
    "PAPG": 110.1,
    "Diff": 4.82
  },
  {
    "Team Name": "Los Angeles Clippers",
    "Wins": 47,
    "Losses": 25,
    "Percent": 0.653,
    "Games Behind": 5,
    "PPG": 114,
    "PAPG": 107.8,
    "Diff": 6.02
  },
  {
    "Team Name": "Dallas Mavericks",
    "Wins": 42,
    "Losses": 30,
    "Percent": 0.583,
    "Games Behind": 10,
    "PPG": 112.4,
    "PAPG": 110.2,
    "Diff": 2.26
  },
  {
    "Team Name": "Portland Trail Blazers",
    "Wins": 42,
    "Losses": 30,
    "Percent": 0.583,
    "Games Behind": 10,
    "PPG": 116.1,
    "PAPG": 114.3,
    "Diff": 1.81
  },
  {
    "Team Name": "Los Angeles Lakers",
    "Wins": 42,
    "Losses": 30,
    "Percent": 0.583,
    "Games Behind": 10,
    "PPG": 109.5,
    "PAPG": 106.8,
    "Diff": 2.77
  },
  {
    "Team Name": "Golden State Warriors",
    "Wins": 39,
    "Losses": 33,
    "Percent": 0.542,
    "Games Behind": 13,
    "PPG": 113.7,
    "PAPG": 112.7,
    "Diff": 1.1
  },
  {
    "Team Name": "Memphis Grizzlies",
    "Wins": 38,
    "Losses": 34,
    "Percent": 0.528,
    "Games Behind": 14,
    "PPG": 113.3,
    "PAPG": 112.3,
    "Diff": 1.07
  },
  {
    "Team Name": "San Antonio Spurs",
    "Wins": 33,
    "Losses": 39,
    "Percent": 0.458,
    "Games Behind": 19,
    "PPG": 111.1,
    "PAPG": 112.8,
    "Diff": -1.58
  },
  {
    "Team Name": "New Orleans Pelicans",
    "Wins": 31,
    "Losses": 41,
    "Percent": 0.431,
    "Games Behind": 21,
    "PPG": 114.6,
    "PAPG": 114.9,
    "Diff": -0.2
  },
  {
    "Team Name": "Sacramento Kings",
    "Wins": 31,
    "Losses": 41,
    "Percent": 0.431,
    "Games Behind": 21,
    "PPG": 113.7,
    "PAPG": 117.4,
    "Diff": -3.45
  },
  {
    "Team Name": "Minnesota Timberwolves",
    "Wins": 23,
    "Losses": 49,
    "Percent": 0.319,
    "Games Behind": 29,
    "PPG": 112.1,
    "PAPG": 117.7,
    "Diff": -5.25
  },
  {
    "Team Name": "Oklahoma City Thunder",
    "Wins": 22,
    "Losses": 50,
    "Percent": 0.306,
    "Games Behind": 30,
    "PPG": 105,
    "PAPG": 115.6,
    "Diff": -10.13
  },
  {
    "Team Name": "Houston Rockets",
    "Wins": 17,
    "Losses": 55,
    "Percent": 0.236,
    "Games Behind": 35,
    "PPG": 108.8,
    "PAPG": 116.7,
    "Diff": -7.5
  }
]